{
  "100": {
    "tissue_params": [
      2.71817078954837,
      0.521302592413053,
      0.5494355599687964,
      0.5650500862447251,
      0.9988414308451782
    ],
    "tissue_objective": 2.906661193691964e-05,
    "mpl_params": [
      2.681982065587804,
      0.5677671004780372,
      0.47325722852894114,
      437.9532981725168,
      2.1489760011145105,
      0.9600541420381892,
      0.9918905329304987
    ],
    "mpl_objective": 0.00010497320479295886
  }
}