{
  "25": {
    "tissue_params": [
      3.0780084975576485,
      0.4734575730478283,
      0.5659824305704132,
      9.994967118893122,
      0.9756564984300078
    ],
    "tissue_objective": 4.5885894426816816e-05,
    "mpl_params": [
      3.0675802225047524,
      0.49801439876888876,
      0.5365763150756138,
      363.9852162302164,
      2.507498550934683,
      5.0,
      5.0
    ],
    "mpl_objective": 0.00010151417348310365
  },
  "100": {
    "tissue_params": [
      2.71817078954837,
      0.521302592413053,
      0.5494355599687964,
      0.5650500862447251,
      0.9988414308451782
    ],
    "tissue_objective": 2.906661193691964e-05,
    "mpl_params": [
      2.681982065587804,
      0.5677671004780372,
      0.47325722852894114,
      437.9532981725168,
      2.1489760011145105,
      0.9600541420381892,
      0.9918905329304987
    ],
    "mpl_objective": 0.00010497320479295886
  },
  "400": {
    "tissue_params": [
      2.418418641456498,
      0.5876434315826587,
      0.4614887475033962,
      9.988910469861707,
      0.9820707875547825
    ],
    "tissue_objective": 0.0001231006404004253,
    "mpl_params": [
      2.4083008375469115,
      0.6078895246191556,
      0.44650317784726656,
      523.4287252173408,
      2.039127757014027,
      0.8935018582376154,
      0.9182280036804193
    ],
    "mpl_objective": 0.0001519760811277455
  }
}