{"mpl_params": [0.5641886842259866, 0.7563360287146342, 0.154634668401166, 581.5192495067292, 300.0, 0.021366462041871457, 0.056121222211495535], "pairs": [{"ds_ref": 3000, "ds_sharp": 5000, "ef_sharp": 0.0850499516891359, "J_mpl": 1.0426206616719258, "gap_d=0": 0.0006713270196244621, "gap_d=0.5": 0.002520120497081937, "gap_d=0.75": 0.00383407976022112}]}