chosen_threshold,heldout_main_tests,heldout_main_wins,heldout_mean_delta_pct,heldout_non_harm_cells,heldout_scale,heldout_tests,heldout_wins,heldout_worst_delta_pct,threshold_inside_train_margin,train_max_harmful_retention,train_min_main_retention,train_scales
0.01,186,186,-4.883432871386796,372,100,372,186,0.0,1,0.005721165724107469,0.01479727140302661,25|400
0.01,186,186,-6.433184290110668,372,25,372,186,0.0,1,0.005721165724107469,0.01479727140302661,100|400
0.01,186,186,-6.369986842378323,372,400,372,186,0.0,1,0.005721165724107469,0.01479727140302661,100|25
