group,max_retention,mean_peak_to_mean,mean_retention,min_retention,raw_worst_delta_pct,test_curve,test_label,tests
extra_holdout,0.0,0.0,0.0,0.0,0.0,constant_24000.csv,Constant 24k,186
extra_holdout,0.0,0.0,0.0,0.0,0.0,constant_72000.csv,Constant 72k,186
extra_holdout,0.005721165724107469,1.8284634386196514,0.0052951585485197196,0.004180222201860215,22.53638404133347,cosine_24000.csv,Cosine 24k,186
main_matrix,0.02041082894551263,1.8653163931401693,0.018888340828259277,0.01479727140302661,-1.0263101049168721,cosine_72000.csv,Cosine,93
main_matrix,0.2113313150504757,6.111474172580071,0.18254093135917754,0.12738706633086555,-6.148089041587501,wsd_20000_24000.csv,WSD sharp,93
main_matrix,0.7508693779462927,21.470234943808073,0.7162525755717313,0.6548847744699282,-2.8390851126907646,wsdcon_18.csv,WSD-con 18e-5,93
main_matrix,0.2722633307262611,4.4122734542753985,0.24516493830059258,0.1923321172560948,-16.33314298053866,wsdcon_3.csv,WSD-con 3e-5,93
main_matrix,0.5712719041012998,11.370533862454119,0.5304652733523614,0.4534378279318949,-1.3644864567528114,wsdcon_9.csv,WSD-con 9e-5,93
main_matrix,0.26445304000684167,11.15015752480601,0.23438369093922323,0.15949209390315588,-4.808270648528978,wsdld_20000_24000.csv,WSD linear,93
