scale,curve,points,step_min,step_max,lr_min,lr_max,loss_start,loss_end
25,cosine_24000.csv,171,2160,23920,3.000893868085248e-05,0.0003,4.1114,3.3044
25,constant_24000.csv,171,2176,23936,0.0003,0.0003,4.101,3.3473
25,wsdcon_9.csv,95,2176,14144,9e-05,0.0003,4.0723,3.3901
100,cosine_24000.csv,171,2160,23920,3.000893868085248e-05,0.0003,3.7755,2.9791
100,constant_24000.csv,171,2176,23936,0.0003,0.0003,3.7666,3.0354
100,wsdcon_9.csv,109,2176,15936,9e-05,0.0003,3.7666,3.0588
400,cosine_24000.csv,171,2160,23920,3.000893868085248e-05,0.0003,3.5563,2.7396
400,constant_24000.csv,171,2176,23936,0.0003,0.0003,3.5581,2.8167
400,wsdcon_9.csv,109,2176,15936,9e-05,0.0003,3.5581,2.83
