{
  "tissue": {
    "100": {
      "lbfgsb": [
        1.2265442992576112,
        2.0478785443533516,
        0.12843796288890422,
        47.301183940566375,
        0.9
      ],
      "adamw": [
        2.4416781201518547,
        0.021123891866838822,
        0.54405213229022,
        99.05547414653623,
        0.9618212552167115
      ]
    }
  },
  "mpl": {
    "100": {
      "lbfgsb": [
        2.6965381548410283,
        0.5931454467822432,
        0.4586031087726762,
        300.5581814152272,
        4.3033784482213475,
        5.0,
        5.0
      ],
      "adamw": [
        2.7562549763193664,
        0.5254605316117533,
        0.5527806714971496,
        296.5645499008808,
        1.5458421752623213,
        0.5308997043113275,
        0.5590191481515725
      ]
    }
  }
}