{
  "item": "A2 public floor-protocol extraction",
  "window": "step >= 5250 (design window, fixed T2=3000)",
  "fit": "analyze_floor2.fit_p (L + a*(eta2/1.5e-3)^p, residual bootstrap 90% CI)",
  "ladder_reference": {
    "m": 0.647,
    "l": 0.641,
    "src": "AUDIT-C corrected equal-S ladder"
  },
  "public_reference": {
    "25M": 1.06,
    "100M": 1.49,
    "400M": 1.25
  },
  "m": {
    "probes": [
      "wsdcon_5",
      "wsdcon_10",
      "wsdcon_15",
      "wsdcon_20",
      "wsdcon_40",
      "wsdcon_80"
    ],
    "eta2": [
      5e-05,
      0.0001,
      0.00015000000000000001,
      0.0002,
      0.0004,
      0.0008
    ],
    "floors_window": [
      1.095768660729098,
      1.085422366039327,
      1.0779607755210359,
      1.0751525884564843,
      1.0757970550776996,
      1.0871933079268405
    ],
    "floors_last5_raw": [
      1.08996422290802,
      1.0797839999198913,
      1.0730613112449645,
      1.0691010534763337,
      1.0694217383861542,
      1.0802780091762543
    ],
    "monotone_window": false,
    "primary": {
      "p": 0.20000000000002907,
      "ci90": [
        0.20000000000000004,
        0.9205083295998484
      ],
      "L": 1.075152588456484,
      "a": 0.010439394328573767,
      "p_at_bound": "lower(0.2)"
    },
    "sensitivities": {
      "s1_no_wsdcon15": {
        "p": 0.20000000000012794,
        "ci90": [
          0.20000000000000004,
          0.6719307605963157
        ],
        "L": 1.0751525884564386,
        "a": 0.01142918386449111,
        "p_at_bound": "lower(0.2)"
      },
      "s2_last5_raw": {
        "p": 0.2000000000011146,
        "ci90": [
          0.20000000000000004,
          0.916611287310346
        ],
        "L": 1.0691010534759962,
        "a": 0.010468665764685019,
        "p_at_bound": "lower(0.2)"
      },
      "s3_three_point": {
        "p": 3.49999999998919,
        "probes": [
          "wsdcon_15",
          "wsdcon_40",
          "wsdcon_80"
        ],
        "p_at_bound": "upper(3.5)",
        "note": "3-param/3-point; bootstrap CI not meaningful"
      },
      "s5_rising_edge": {
        "p": 3.4999999999999836,
        "p_at_bound": "upper(3.5)",
        "probes": [
          "wsdcon_20",
          "wsdcon_40",
          "wsdcon_80"
        ],
        "ci90": [
          3.2478734675163117,
          3.499999999979454
        ]
      },
      "s4_backbone_subtracted_loglog": {
        "label": "G5 SENSITIVITY-ONLY (MPL refit, official split, seed 0)",
        "mpl_obj": 0.0020505957782739987,
        "L0_A_alpha": [
          0.5641886842259866,
          0.7563360287146342,
          0.154634668401166
        ],
        "floors_backbone_subtracted": [
          -0.07133959123022185,
          -0.078908433422588,
          -0.08368589340502511,
          -0.08389755489682918,
          -0.07364510042208587,
          -0.045996974071785164
        ],
        "p_loglog_all": null,
        "n_positive": 0,
        "p_loglog_three_point": null
      }
    }
  },
  "l": {
    "probes": [
      "wsdcon_5",
      "wsdcon_10",
      "wsdcon_20",
      "wsdcon_40",
      "wsdcon_80"
    ],
    "eta2": [
      5e-05,
      0.0001,
      0.0002,
      0.0004,
      0.0008
    ],
    "floors_window": [
      1.0584186759120542,
      1.0459578895333568,
      1.0356116609458337,
      1.0342327655433563,
      1.0501894820128619
    ],
    "floors_last5_raw": [
      1.050409164428711,
      1.0377505123615267,
      1.0275097465515137,
      1.0267933690547943,
      1.0422486221790312
    ],
    "monotone_window": false,
    "primary": {
      "p": 0.2000000000000764,
      "ci90": [
        0.20000000000000004,
        0.8897564472036744
      ],
      "L": 1.0342327655433476,
      "a": 0.01414221225599058,
      "p_at_bound": "lower(0.2)"
    },
    "sensitivities": {
      "s2_last5_raw": {
        "p": 0.20000000000009613,
        "ci90": [
          0.20000000000000004,
          0.46104099024348627
        ],
        "L": 1.026793369054793,
        "a": 0.013469422295188039,
        "p_at_bound": "lower(0.2)"
      },
      "s3_three_point": {
        "p": 3.4999999999999987,
        "probes": [
          "wsdcon_20",
          "wsdcon_40",
          "wsdcon_80"
        ],
        "p_at_bound": "upper(3.5)",
        "note": "3-param/3-point; bootstrap CI not meaningful"
      },
      "s4_backbone_subtracted_loglog": {
        "label": "G5 SENSITIVITY-ONLY (MPL refit, official split, seed 0)",
        "mpl_obj": 0.001974789751742281,
        "L0_A_alpha": [
          0.3804214018088278,
          0.9224558700085927,
          0.13684004264248298
        ],
        "floors_backbone_subtracted": [
          -0.07677726809353616,
          -0.08615591457070211,
          -0.09063807606935978,
          -0.08133338818541283,
          -0.04726275978188706
        ],
        "p_loglog_all": null,
        "n_positive": 0,
        "p_loglog_three_point": null
      }
    }
  },
  "verdict": {
    "fire_line": "p_protocol > 1 at either scale (all-probe fit_p)",
    "p_m": 0.20000000000002907,
    "p_l": 0.2000000000000764,
    "fires": false,
    "degenerate": true,
    "reading": "all-probe protocol fit does NOT read superlinear on our beds; see degeneracy flags and 3-point/rising-edge sensitivities before striking the protocol"
  }
}