{
 "design": {
  "horizon": [
   6000,
   7000
  ],
  "cap_main": 7000,
  "trunk": 3000,
  "eta1": 0.0015
 },
 "e10_main": {
  "rows": {
   "12": {
    "F_d": 1.099681550732563,
    "A_d": 0.04920226502348797,
    "tau_d": 954.9897513136003,
    "r2_d": 0.9600916488235415,
    "R_d": 0.0018272282980004873,
    "ctrl_hz": 1.2093809934764248,
    "drop_hz": 1.0999399857370766,
    "meas_gap": -0.10944100773934817,
    "benefit": 0.10969944274386179,
    "fit_resid_hz": 0.0015687932934869142,
    "ctrl_drift_1k": -0.007779752432524617,
    "drop_drift_1k": -0.005363055575698209,
    "pred_full": -0.10787221444586126,
    "pred_bblind": -0.10713726953906266
   },
   "24": {
    "F_d": 1.09742049977119,
    "A_d": 0.05122162420084659,
    "tau_d": 627.0784213012682,
    "r2_d": 0.9463595142960037,
    "R_d": 0.00023158690723344824,
    "ctrl_hz": 1.1554346203804016,
    "drop_hz": 1.0896730065345765,
    "meas_gap": -0.06576161384582502,
    "benefit": 0.05801412060921152,
    "fit_resid_hz": 0.00797908014384685,
    "ctrl_drift_1k": -0.005950887221142962,
    "drop_drift_1k": -0.002396471966478346,
    "pred_full": -0.05778253370197817,
    "pred_bblind": -0.055451947404412394
   },
   "48": {
    "F_d": 1.076298247284618,
    "A_d": 0.06372326196349837,
    "tau_d": 1049.0527334125015,
    "r2_d": 0.9428419758832662,
    "R_d": 0.002357643979836066,
    "ctrl_hz": 1.1039165105034665,
    "drop_hz": 1.0754628442409562,
    "meas_gap": -0.028453666262510335,
    "benefit": 0.027618263218848416,
    "fit_resid_hz": 0.0031930470234979857,
    "ctrl_drift_1k": -0.011055084826774884,
    "drop_drift_1k": -0.0071769336249508315,
    "pred_full": -0.02526061923901235,
    "pred_bblind": -0.025056090014049293
   },
   "96": {
    "F_d": 1.0626879005572383,
    "A_d": 0.07299279189249346,
    "tau_d": 1139.5713414626662,
    "r2_d": 0.9451965204410145,
    "R_d": 0.0034991108111801558,
    "ctrl_hz": 1.0573493485588852,
    "drop_hz": 1.0630422004475828,
    "meas_gap": 0.005692851888697614,
    "benefit": -0.005338551998353092,
    "fit_resid_hz": 0.003144810920835628,
    "ctrl_drift_1k": -0.014971650503501492,
    "drop_drift_1k": -0.009325777066158492,
    "pred_full": 0.008837662809533242,
    "pred_bblind": 0.007900725203152215
   },
   "192": {
    "F_d": 1.0478583648010786,
    "A_d": 0.08407715326906907,
    "tau_d": 1218.3340116205661,
    "r2_d": 0.9484434572511934,
    "R_d": 0.00489529602774521,
    "ctrl_hz": 1.0160736471172271,
    "drop_hz": 1.0495290374549908,
    "meas_gap": 0.03345539033776368,
    "benefit": -0.03178471768385149,
    "fit_resid_hz": 0.003224623373833113,
    "ctrl_drift_1k": -0.015446806941943182,
    "drop_drift_1k": -0.010650472539773005,
    "pred_full": 0.03668001371159679,
    "pred_bblind": 0.034346890888650616
   }
  },
  "R_bar": 0.0025621732047990736,
  "R_d_spread_sd": 0.0015706637383919616,
  "cross_meas": 85.5232118322046,
  "cross_pred_full": 80.21390515828078,
  "maxerr_pred_full": 0.00797908014384685,
  "cross_pred_bblind": 81.30278505984631,
  "maxerr_pred_bblind": 0.010309666441412624,
  "law_sfree": {
   "r0": 0.22463568911366788,
   "a": 0.5516781439295817,
   "s": 0.201820436026866,
   "pred": {
    "12": -0.10947082948275988,
    "24": -0.06585414867199901,
    "48": -0.02793150475982903,
    "96": 0.005040443003202888,
    "192": 0.033707994290132604
   },
   "maxerr": 0.0006524088854947263,
   "meanerr": 0.0003099061820261317,
   "B_star": 85.78999135145574
  },
  "law_s1": {
   "r0": 0.022355587654067033,
   "a": 1.7111906099090006,
   "s": 1.0,
   "pred": {
    "12": -0.12024362983834969,
    "24": -0.04894402109214133,
    "48": -0.013294216719037147,
    "96": 0.004530685467514943,
    "192": 0.013443136560790988
   },
   "maxerr": 0.02001225377697269,
   "meanerr": 0.012790816918862752,
   "B_star": 76.54420167289554
  },
  "law_s05": {
   "r0": 0.0729354703392928,
   "a": 0.6522140271389292,
   "s": 0.5,
   "pred": {
    "12": -0.1153425017296625,
    "24": -0.060197160458716883,
    "48": -0.021203515695184846,
    "96": 0.0063691549402879605,
    "192": 0.02586597732205398
   },
   "maxerr": 0.007589413015709701,
   "meanerr": 0.005396362802409599,
   "B_star": 79.96550678914714
  },
  "law_benefit_sfree": {
   "r0": 0.13783804707945788,
   "a": 0.5190393201161141,
   "s": 0.300202981177825,
   "pred": {
    "12": -0.1083272519088459,
    "24": -0.06208217700262203,
    "48": -0.024524788630087307,
    "96": 0.005976998300212699,
    "192": 0.030748662312446898
   },
   "maxerr": 0.004068056393410513,
   "meanerr": 0.002041644698090342,
   "B_star": 82.82078440674923
  }
 },
 "e40_secondary": {
  "rows": {
   "12": {
    "F_d": 1.1171150230804892,
    "A_d": 0.03448998882240676,
    "tau_d": 1196.4367716604706,
    "r2_d": 0.9429017291803602,
    "R_d": 0.0024838617756280205,
    "ctrl_hz": 1.2093809934764248,
    "drop_hz": 1.1188009368583807,
    "meas_gap": -0.09058005661804414,
    "benefit": 0.09226597039593565,
    "fit_resid_hz": 0.0007979479977364701,
    "ctrl_drift_1k": -0.007779752432524617,
    "drop_drift_1k": -0.004246721378331815,
    "pred_full": -0.08978210862030767,
    "pred_bblind": -0.08758021698440177
   },
   "24": {
    "F_d": 1.0985326988395572,
    "A_d": 0.045907104581567354,
    "tau_d": 821.9723530824388,
    "r2_d": 0.9390959518172908,
    "R_d": 0.0007332332674409866,
    "ctrl_hz": 1.1554346203804016,
    "drop_hz": 1.0939997076988222,
    "meas_gap": -0.06143491268157941,
    "benefit": 0.05690192154084439,
    "fit_resid_hz": 0.0052662244081760345,
    "ctrl_drift_1k": -0.005950887221142962,
    "drop_drift_1k": -0.0024591833128966315,
    "pred_full": -0.05616868827340338,
    "pred_bblind": -0.052216168129310514
   },
   "48": {
    "F_d": 1.0628164849977473,
    "A_d": 0.0695150908050761,
    "tau_d": 1329.2729123152467,
    "r2_d": 0.9537370380762212,
    "R_d": 0.005120111021934992,
    "ctrl_hz": 1.1039165105034665,
    "drop_hz": 1.065656177699566,
    "meas_gap": -0.0382603328039004,
    "benefit": 0.04110002550571923,
    "fit_resid_hz": 0.002280418320116162,
    "ctrl_drift_1k": -0.011055084826774884,
    "drop_drift_1k": -0.00887228758067634,
    "pred_full": -0.03597991448378424,
    "pred_bblind": -0.03641427209418535
   },
   "96": {
    "F_d": 1.035775072465156,
    "A_d": 0.08924601710616833,
    "tau_d": 1364.6470581778553,
    "r2_d": 0.9629003013491719,
    "R_d": 0.0070288744188501395,
    "ctrl_hz": 1.0573493485588852,
    "drop_hz": 1.0404428606716598,
    "meas_gap": -0.016906487887225374,
    "benefit": 0.021574276093729194,
    "fit_resid_hz": 0.0023610862123462084,
    "ctrl_drift_1k": -0.014971650503501492,
    "drop_drift_1k": -0.011511140731293156,
    "pred_full": -0.014545401674879166,
    "pred_bblind": -0.016888522682195317
   },
   "192": {
    "F_d": 1.010653733221518,
    "A_d": 0.10831167752296811,
    "tau_d": 1334.7489391525473,
    "r2_d": 0.9671802441619374,
    "R_d": 0.008062686573814861,
    "ctrl_hz": 1.0160736471172271,
    "drop_hz": 1.0157765319434608,
    "meas_gap": -0.0002971151737662936,
    "benefit": 0.005419913895709172,
    "fit_resid_hz": 0.0029398878518720473,
    "ctrl_drift_1k": -0.015446806941943182,
    "drop_drift_1k": -0.01332305170185857,
    "pred_full": 0.0026427726781057537,
    "pred_bblind": -0.0007341604841752947
   }
  },
  "R_bar": 0.004685753411533799,
  "R_d_spread_sd": 0.0027405584261929335,
  "cross_meas": null,
  "cross_pred_full": 172.59025697061682,
  "maxerr_pred_full": 0.0052662244081760345,
  "cross_pred_bblind": null,
  "maxerr_pred_bblind": 0.009218744552268898,
  "law_sfree": {
   "r0": 0.09126831138814118,
   "a": 0.3363714967921821,
   "s": 0.24771048476196023,
   "pred": {
    "12": -0.090490166934874,
    "24": -0.061814486776025385,
    "48": -0.03766291267351837,
    "96": -0.017321685250220584,
    "192": -0.00018965355198971579
   },
   "maxerr": 0.0005974201303820259,
   "meanerr": 0.00031790857855398537,
   "B_star": 193.61572684148507
  },