{
 "protocol": "analyze_floor2 collect/tail_floor design-window floors (AUDIT-C corrected); no MPL fit in the anchor measurement",
 "fit_m": {
  "L": 1.013482440110402,
  "a": 0.12761561308570765,
  "p": 0.6473388954090556,
  "rms": 0.0010063181854503864
 },
 "fit_l": {
  "L": 0.9703258682587631,
  "a": 0.14011076980160725,
  "p": 0.6413663475956219,
  "rms": 0.0009203918390160909
 },
 "eta_mid": 0.00027386127875258305,
 "dLdeta_m_mid": 100.32423602789166,
 "dLdeta_l_mid": 110.2450564739562,
 "R_anchor": 1.0988875753143676,
 "R_grid": {
  "5.0e-05": 1.110105748742753,
  "1.0e-04": 1.1055195718690103,
  "2.0e-04": 1.1009523418553677,
  "3.0e-04": 1.0982894355160058,
  "4.0e-04": 1.0964039804267123,
  "6.0e-04": 1.0937520753450996,
  "8.0e-04": 1.091874409631311,
  "1.5e-03": 1.0877827671353846
 },
 "ci_resid": [
  1.0609751580598388,
  1.136044107568915
 ],
 "ci_pair": [
  1.0349040228289395,
  1.1546470104143443
 ],
 "per_seed_R": {
  "1337": 1.1102279932325925,
  "1338": 1.0878339422384502
 },
 "finite_diff_R": {
  "7.07e-05": 1.1062882941358088,
  "1.41e-04": 1.1257800551716222,
  "2.45e-04": 1.168637083893169,
  "3.46e-04": 0.9455261512107275,
  "4.90e-04": 1.1581067488945649,
  "6.93e-04": 1.0925417559103008,
  "1.10e-03": 1.0877479657969835
 },
 "fd_median": 1.1062882941358088,
 "committed_vs_anchor": {
  "wsdcon_20 (seeds 0/1)": {
   "ratio": 1.1844684263124965,
   "inside_resid_CI": false,
   "inside_pair_CI": false
  },
  "wsdcon_40 (seeds 0/1)": {
   "ratio": 2.4168409931353123,
   "inside_resid_CI": false,
   "inside_pair_CI": false
  }
 },
 "B_committed": {
  "B_m": [
   581.5,
   574.1,
   276.6
  ],
  "B_l": [
   684.4,
   684.4,
   668.6
  ]
 },
 "v5_sensitivity": {
  "label": "SENSITIVITY-ONLY (G5)",
  "rat_committed_mean": 1.8006547097239045,
  "chi2": {
   "d=0": {
    "chi2_anchor": 137.1532141776422,
    "chi2_naive": 138.7750304234132,
    "chi2_Bid_committed": 126.1296455929137,
    "d_naive_minus_anchor": 1.6218162457709866,
    "d_Bid_minus_anchor": -11.023568584728508
   },
   "d=0.5": {
    "chi2_anchor": 95.10180649491545,
    "chi2_naive": 98.30035009188224,
    "chi2_Bid_committed": 85.43128293348248,
    "d_naive_minus_anchor": 3.198543596966786,
    "d_Bid_minus_anchor": -9.670523561432972
   },
   "d=0.75": {
    "chi2_anchor": 93.45461717420746,
    "chi2_naive": 92.6250946387276,
    "chi2_Bid_committed": 136.0991830446996,
    "d_naive_minus_anchor": -0.8295225354798532,
    "d_Bid_minus_anchor": 42.644565870492144
   }
  },
  "gaps_measured": {
   "1300": [
    0.0021428179882823084,
    0.0008689747307759888,
    3
   ],
   "5000": [
    0.008613446662350569,
    0.0006344029973566912,
    3
   ],
   "5700": [
    0.029476457749094333,
    0.0006958099732932728,
    5
   ]
  }
 }
}