{
 "W": [
  1,
  4,
  10,
  40,
  80,
  160,
  320,
  640,
  1280,
  2560,
  5120
 ],
 "rho": [
  0.9333333333333333,
  0.4382397342995169,
  0.21977007753238667,
  0.06386903242422941,
  0.03286145712598193,
  0.01667407228903639,
  0.0083993509382185,
  0.004215439945211374,
  0.002111684343035009,
  0.0010568361714662316,
  0.000528666949166623
 ],
 "a_norm": [
  41.01420513902898,
  41.954931841611845,
  41.409081115345494,
  39.895235226027424,
  40.44073701318712,
  34.59671084375499,
  31.16617464780155,
  26.230650895884377,
  33.38426074157524,
  18.863847577349897,
  29.326064499023797
 ],
 "spearman_a_rho": 0.9,
 "span": 2.224091965839872,
 "hill_r2": 0.7367646721171035,
 "t1_verdict": "AMP_GATE_WEAK: varies with rho but no clean gate form"
}