{
 "constant+cosine+wsdcon_20": {
  "params": [
   0.5641886842259866,
   0.7563360287146342,
   0.154634668401166,
   581.5192495067292,
   300.0,
   0.021366462041871457,
   0.056121222211495535
  ],
  "obj": 0.0020505957782739987
 },
 "constant+cosine+wsdcon_40": {
  "params": [
   0.6430394748827358,
   0.6779516245937853,
   0.1756116785616348,
   276.62445946867166,
   300.0,
   0.04776200757983274,
   0.02
  ],
  "obj": 0.0024358626629032883
 },
 "constant+cosine+wsd": {
  "params": [
   0.6010245233787949,
   0.7199616780037242,
   0.16404129430296502,
   567.0312193789538,
   0.5094734192349701,
   0.05787618183091084,
   0.43156341943281973
  ],
  "obj": 0.0014632647955914492
 },
 "constant+cosine+wsdld": {
  "params": [
   0.6368775266497401,
   0.6838886959118942,
   0.17382794301680243,
   566.9934559882408,
   0.24775947259843747,
   0.06693066264293195,
   0.48061189851120273
  ],
  "obj": 0.0014474357711207338
 },
 "constant+cosine+wsdcon_5": {
  "params": [
   0.539307315365561,
   0.7821108877588148,
   0.14973785318462665,
   625.4248155069927,
   300.0,
   0.02,
   0.04761635997399745
  ],
  "obj": 0.002022453504172277
 },
 "constant+cosine+wsdcon_10": {
  "params": [
   0.5321707805866125,
   0.7887333380035513,
   0.1476957222880289,
   628.6874369674381,
   300.0,
   0.02,
   0.03992677706661349
  ],
  "obj": 0.0020579515367408177
 },
 "constant+cosine+wsdcon_80": {
  "params": [
   0.7354535749769847,
   0.584829137339303,
   0.20616600249593947,
   108.23894268693067,
   2.6099650396240754,
   0.16960635985573497,
   0.6355872023293128
  ],
  "obj": 0.0029472714865196917
 }
}