{
 "W": [
  1,
  4,
  10,
  40,
  80,
  160,
  320,
  640,
  1280,
  2560,
  5120
 ],
 "lam": [
  14.328521751576154,
  13.161217701547995,
  12.71025048402782,
  9.52817544601746,
  6.959880639648899,
  6.988003256395967,
  5.264188555909223,
  5.601380006233233,
  2.231889143348055,
  3.436946999139593,
  1.1740089914926466
 ],
 "rho": [
  0.9333333333333333,
  0.4382397342995169,
  0.21977007753238667,
  0.06386903242422941,
  0.03286145712598193,
  0.01667407228903639,
  0.0083993509382185,
  0.004215439945211374,
  0.002111684343035009,
  0.0010568361714662316,
  0.000528666949166623
 ],
 "spearman": -0.9727272727272729,
 "span": 12.204780249049652,
 "loglaw_a": -3.342680952530509,
 "loglaw_b": 14.92040430922572,
 "heldout_r2": 0.8793932084164312,
 "mae_fixed": 0.0017120318967233912,
 "mae_loglaw": 0.0016114066132457564,
 "mae_margin": 0.058775355570313076,
 "global_best_lam": 9.338791161788388,
 "verdict": "RATE_READS_RHO_WEAK: real & >3x but held-out R2<0.8 or margin<20% -> keep fixed-lam, report measured"
}