{
 "W": [
  1,
  10,
  40,
  160,
  640
 ],
 "rho": [
  0.9333333333333333,
  0.21977007753238667,
  0.06386903242422941,
  0.01667407228903639,
  0.004215439945211374
 ],
 "lam": [
  14.328521751576154,
  12.71025048402782,
  9.52817544601746,
  6.988003256395967,
  5.601380006233233
 ],
 "spearman": -0.9999999999999999,
 "span": 2.55803422292923,
 "lam_fit_r2": 0.5211251464041227,
 "verdict": "AMBIG: report as measured"
}