{
 "lr@10 [paper]": {
  "worst_offdiag": -2.7249185632545263,
  "median_offdiag": -9.984551704003009,
  "mean_offdiag": -12.078853252037286,
  "cosine_to_wsd": -4.272656284804277,
  "wsdcon9_to_wsd": -15.977747413000253,
  "max_cosine_kappa": 0.00887285585063561,
  "summary": {
   "cosine_72000.csv->cosine_72000.csv": -0.7675856711656196,
   "cosine_72000.csv->wsd_20000_24000.csv": -4.272656284804277,
   "cosine_72000.csv->wsdld_20000_24000.csv": -3.4594314458737507,
   "cosine_72000.csv->wsdcon_3.csv": -11.641849481008782,
   "cosine_72000.csv->wsdcon_9.csv": -5.288351950940214,
   "cosine_72000.csv->wsdcon_18.csv": -4.48009619330374,
   "wsd_20000_24000.csv->cosine_72000.csv": -4.3073844301911075,
   "wsd_20000_24000.csv->wsd_20000_24000.csv": -23.150737717635607,
   "wsd_20000_24000.csv->wsdld_20000_24000.csv": -19.52398988728055,
   "wsd_20000_24000.csv->wsdcon_3.csv": -27.946573924991934,
   "wsd_20000_24000.csv->wsdcon_9.csv": -8.736326736863841,
   "wsd_20000_24000.csv->wsdcon_18.csv": -7.578497205965674,
   "wsdld_20000_24000.csv->cosine_72000.csv": -4.78782348456203,
   "wsdld_20000_24000.csv->wsd_20000_24000.csv": -25.877214471650564,
   "wsdld_20000_24000.csv->wsdld_20000_24000.csv": -21.797293348511392,
   "wsdld_20000_24000.csv->wsdcon_3.csv": -22.956874996893134,
   "wsdld_20000_24000.csv->wsdcon_9.csv": -5.109712750942658,
   "wsdld_20000_24000.csv->wsdcon_18.csv": -6.383118642873804,
   "wsdcon_3.csv->cosine_72000.csv": -2.7249185632545263,
   "wsdcon_3.csv->wsd_20000_24000.csv": -14.56307939175384,
   "wsdcon_3.csv->wsdld_20000_24000.csv": -12.16885621487922,
   "wsdcon_3.csv->wsdcon_3.csv": -30.567813568213307,
   "wsdcon_3.csv->wsdcon_9.csv": -11.987424952272507,
   "wsdcon_3.csv->wsdcon_18.csv": -9.649937879202353,
   "wsdcon_9.csv->cosine_72000.csv": -2.9873164233010265,
   "wsdcon_9.csv->wsd_20000_24000.csv": -15.977747413000253,
   "wsdcon_9.csv->wsdld_20000_24000.csv": -13.37039026626538,
   "wsdcon_9.csv->wsdcon_3.csv": -31.841091254111234,
   "wsdcon_9.csv->wsdcon_9.csv": -12.298701488965909,
   "wsdcon_9.csv->wsdcon_18.csv": -10.009139233105513,
   "wsdcon_18.csv->cosine_72000.csv": -3.222345679062425,
   "wsdcon_18.csv->wsd_20000_24000.csv": -17.510011731306193,
   "wsdcon_18.csv->wsdld_20000_24000.csv": -14.50015500803309,
   "wsdcon_18.csv->wsdcon_3.csv": -29.543317488524583,
   "wsdcon_18.csv->wsdcon_9.csv": -9.959964174900504,
   "wsdcon_18.csv->wsdcon_18.csv": -12.146967095607742
  }
 },
 "pow d=0.5@10": {
  "worst_offdiag": 0.01637126300159153,
  "median_offdiag": -11.743502101878207,
  "mean_offdiag": -13.140025340618337,
  "cosine_to_wsd": -12.311185535149313,
  "wsdcon9_to_wsd": -20.12044900641099,
  "max_cosine_kappa": 0.03267864038493907,
  "summary": {
   "cosine_72000.csv->cosine_72000.csv": -1.9090202122254396,
   "cosine_72000.csv->wsd_20000_24000.csv": -12.311185535149313,
   "cosine_72000.csv->wsdld_20000_24000.csv": -10.482739023492556,
   "cosine_72000.csv->wsdcon_3.csv": -15.02063061875171,
   "cosine_72000.csv->wsdcon_9.csv": -10.005357828325922,
   "cosine_72000.csv->wsdcon_18.csv": -9.16704298246062,
   "wsd_20000_24000.csv->cosine_72000.csv": -3.2745026681091844,
   "wsd_20000_24000.csv->wsd_20000_24000.csv": -19.363598627410422,
   "wsd_20000_24000.csv->wsdld_20000_24000.csv": -17.15681454089125,
   "wsd_20000_24000.csv->wsdcon_3.csv": -21.267998502956914,
   "wsd_20000_24000.csv->wsdcon_9.csv": -10.781097823904906,
   "wsd_20000_24000.csv->wsdcon_18.csv": -8.041331905500561,
   "wsdld_20000_24000.csv->cosine_72000.csv": -4.182372837054094,
   "wsdld_20000_24000.csv->wsd_20000_24000.csv": -24.702167435185952,
   "wsdld_20000_24000.csv->wsdld_20000_24000.csv": -21.957949414205814,
   "wsdld_20000_24000.csv->wsdcon_3.csv": -26.252728578427803,
   "wsdld_20000_24000.csv->wsdcon_9.csv": -11.182312518830152,
   "wsdld_20000_24000.csv->wsdcon_18.csv": -4.701073404102115,
   "wsdcon_3.csv->cosine_72000.csv": -5.250637107749093,
   "wsdcon_3.csv->wsd_20000_24000.csv": -30.869854749019314,
   "wsdcon_3.csv->wsdld_20000_24000.csv": -27.554409101413825,
   "wsdcon_3.csv->wsdcon_3.csv": -30.561009074567973,
   "wsdcon_3.csv->wsdcon_9.csv": -4.805749360182065,
   "wsdcon_3.csv->wsdcon_18.csv": 0.01637126300159153,
   "wsdcon_9.csv->cosine_72000.csv": -3.3588859263225483,
   "wsdcon_9.csv->wsd_20000_24000.csv": -20.12044900641099,
   "wsdcon_9.csv->wsdld_20000_24000.csv": -17.708688876051742,
   "wsdcon_9.csv->wsdcon_3.csv": -22.685947510383357,
   "wsdcon_9.csv->wsdcon_9.csv": -12.298274046819644,
   "wsdcon_9.csv->wsdcon_18.csv": -9.76883141161945,
   "wsdcon_18.csv->cosine_72000.csv": -2.5565177728487654,
   "wsdcon_18.csv->wsd_20000_24000.csv": -15.658144947262068,
   "wsdcon_18.csv->wsdld_20000_24000.csv": -13.602248028768164,
   "wsdcon_18.csv->wsdcon_3.csv": -19.442719795450994,
   "wsdcon_18.csv->wsdcon_9.csv": -12.304691684926263,
   "wsdcon_18.csv->wsdcon_18.csv": -12.15335598657687
  }
 },
 "pow d=0.5@7": {
  "worst_offdiag": 3.119795197810049,
  "median_offdiag": -9.43570799835031,
  "mean_offdiag": -11.978335222955005,
  "cosine_to_wsd": -12.94361389192293,
  "wsdcon9_to_wsd": -22.69285323592923,
  "max_cosine_kappa": 0.02496411414501552,
  "summary": {
   "cosine_72000.csv->cosine_72000.csv": -2.1144997721412504,
   "cosine_72000.csv->wsd_20000_24000.csv": -12.94361389192293,
   "cosine_72000.csv->wsdld_20000_24000.csv": -10.702887484316896,
   "cosine_72000.csv->wsdcon_3.csv": -11.545345675028285,
   "cosine_72000.csv->wsdcon_9.csv": -6.353702153278474,
   "cosine_72000.csv->wsdcon_18.csv": -8.168528512383721,
   "wsd_20000_24000.csv->cosine_72000.csv": -3.789410335136678,
   "wsd_20000_24000.csv->wsd_20000_24000.csv": -21.56214383876744,
   "wsd_20000_24000.csv->wsdld_20000_24000.csv": -18.52445528462788,
   "wsd_20000_24000.csv->wsdcon_3.csv": -17.034387541707435,
   "wsd_20000_24000.csv->wsdcon_9.csv": -5.942583842972315,
   "wsd_20000_24000.csv->wsdcon_18.csv": -5.241983097607288,
   "wsdld_20000_24000.csv->cosine_72000.csv": -4.6045742597503745,
   "wsdld_20000_24000.csv->wsd_20000_24000.csv": -26.352855552506465,
   "wsdld_20000_24000.csv->wsdld_20000_24000.csv": -22.617233693804682,
   "wsdld_20000_24000.csv->wsdcon_3.csv": -19.697106902824327,
   "wsdld_20000_24000.csv->wsdcon_9.csv": -5.244384203278703,
   "wsdld_20000_24000.csv->wsdcon_18.csv": -3.3038590026451513,
   "wsdcon_3.csv->cosine_72000.csv": -6.259092228802928,
   "wsdcon_3.csv->wsd_20000_24000.csv": -35.598519668832445,
   "wsdcon_3.csv->wsdld_20000_24000.csv": -30.644853813267257,
   "wsdcon_3.csv->wsdcon_3.csv": -22.740500701943052,
   "wsdcon_3.csv->wsdcon_9.csv": 3.119795197810049,
   "wsdcon_3.csv->wsdcon_18.csv": 2.742095127543409,
   "wsdcon_9.csv->cosine_72000.csv": -3.9459601264272948,
   "wsdcon_9.csv->wsd_20000_24000.csv": -22.69285323592923,
   "wsdcon_9.csv->wsdld_20000_24000.csv": -19.381362666693818,
   "wsdcon_9.csv->wsdcon_3.csv": -18.401296585744316,
   "wsdcon_9.csv->wsdcon_9.csv": -6.865924985644534,
   "wsdcon_9.csv->wsdcon_18.csv": -7.235995580863005,
   "wsdcon_18.csv->cosine_72000.csv": -3.1489410080262847,
   "wsdcon_18.csv->wsd_20000_24000.csv": -18.473555353795415,
   "wsdcon_18.csv->wsdld_20000_24000.csv": -15.57268420909074,
   "wsdcon_18.csv->wsdcon_3.csv": -16.62810973374265,
   "wsdcon_18.csv->wsdcon_9.csv": -7.77904506280136,
   "wsdcon_18.csv->wsdcon_18.csv": -11.186902769745716
  }
 },
 "pow d=0.5@5": {
  "worst_offdiag": 12.240108389146714,
  "median_offdiag": -8.029247266280015,
  "mean_offdiag": -10.318288733922921,
  "cosine_to_wsd": -12.701638756752724,
  "wsdcon9_to_wsd": -23.387528410075202,
  "max_cosine_kappa": 0.018854018307823697,
  "summary": {
   "cosine_72000.csv->cosine_72000.csv": -2.2685468138012124,
   "cosine_72000.csv->wsd_20000_24000.csv": -12.701638756752724,
   "cosine_72000.csv->wsdld_20000_24000.csv": -10.360001187924762,
   "cosine_72000.csv->wsdcon_3.csv": -8.597680793958565,
   "cosine_72000.csv->wsdcon_9.csv": -2.6449960453660295,