{
 "W": [
  1.0,
  4.0,
  10.0,
  40.0,
  80.0,
  160.0,
  320.0,
  640.0,
  1280.0,
  2560.0,
  5120.0
 ],
 "lam": [
  14.328521751576154,
  13.161217701547995,
  12.71025048402782,
  9.52817544601746,
  6.959880639648899,
  6.988003256395967,
  5.264188555909223,
  5.601380006233233,
  2.231889143348055,
  3.436946999139593,
  1.1740089914926466
 ],
 "beta": 0.7378840181545542,
 "r2_powerlaw": 0.7303702191410766,
 "r2_loglinear": 0.9623911963282611,
 "delta_aic_ll_minus_pl": -21.667928401558896,
 "t1_verdict": "POWER-LAW NOT supported (beta out of (0,1) or worse fit)"
}