mean_delta,nonharm,rows,target_curve,target_label,wins,worst_delta
-35.014117827481364,3,3,cosine_72000.csv,Cosine,3,-23.654066381177863
-44.33399468275679,3,3,wsd_20000_24000.csv,WSD sharp,3,-30.099017421944918
-39.7205824468559,3,3,wsdld_20000_24000.csv,WSD linear,3,-25.606905665392997
-53.14850426136252,3,3,wsdcon_3.csv,WSD-con 3e-5,3,-47.31021639725243
-14.649284098553482,3,3,wsdcon_9.csv,WSD-con 9e-5,3,-6.742991982162538
-9.354189465422474,3,3,wsdcon_18.csv,WSD-con 18e-5,3,-6.460721805621095
