{
  "25": {
    "selected_variant": "pow",
    "cv_summary": {
      "pow": {
        "mae": 0.007339511215141134,
        "rmse": 0.010418899700316732,
        "huber_log": 2.9398300716104526e-05
      },
      "pow_theta": {
        "mae": 0.007371116753386725,
        "rmse": 0.010438248881125512,
        "huber_log": 2.951224667416841e-05
      }
    },
    "variants": {
      "pow": {
        "params": [
          3.0138076631535053,
          0.5401851959780937,
          0.5166178804817271,
          599.9996274866985,
          4.006560927602661,
          0.15795896528683198,
          0.631989248428203,
          1.0
        ],
        "objective": 2.830471299144999e-05
      },
      "pow_theta": {
        "params": [
          3.013692849087926,
          0.5403050904513295,
          0.5164553915861614,
          599.999799765224,
          4.006794830926504,
          0.1753019415086368,
          0.6137608090475568,
          0.9027044951661416
        ],
        "objective": 2.8332858367148104e-05
      }
    }
  },
  "100": {
    "selected_variant": "pow",
    "cv_summary": {
      "pow": {
        "mae": 0.004783730577967351,
        "rmse": 0.006009246025288504,
        "huber_log": 2.1695270039901252e-05
      },
      "pow_theta": {
        "mae": 0.0048566480961721595,
        "rmse": 0.0061174731829650155,
        "huber_log": 2.2138031758182137e-05
      }
    },
    "variants": {
      "pow": {
        "params": [
          2.6154582132695747,
          0.6230349478524918,
          0.45003582955514404,
          599.9994266985593,
          4.00477546324923,
          0.25416215510595475,
          0.5599202674283471,
          1.0
        ],
        "objective": 7.618269725267004e-06
      },
      "pow_theta": {
        "params": [
          2.615304705974956,
          0.6231505436922262,
          0.4499609370921149,
          599.9994974937119,
          4.004688356016197,
          0.2733736078336062,
          0.545862359412967,
          0.9344356323827788
        ],
        "objective": 7.789710351619982e-06
      }
    }
  },
  "400": {
    "selected_variant": "pow",
    "cv_summary": {
      "pow": {
        "mae": 0.002679516470079387,
        "rmse": 0.003596650494651968,
        "huber_log": 9.073890130685653e-06
      },
      "pow_theta": {
        "mae": 0.002718211133212986,
        "rmse": 0.0036022199593577046,
        "huber_log": 9.300665752833244e-06
      }
    },
    "variants": {
      "pow": {
        "params": [
          2.3435720464208742,
          0.666192536919779,
          0.4241076856108355,
          600.0013845564522,
          4.0003222082398775,
          0.6950861178778656,
          0.3136053667672199,
          1.0
        ],
        "objective": 1.3275084859930446e-05
      },
      "pow_theta": {
        "params": [
          2.3433601740534726,
          0.6666063860522071,
          0.4237714916047405,
          600.0004626914082,
          4.001408654863226,
          0.6057436612417341,
          0.3442861219812728,
          1.1027854192883964
        ],
        "objective": 1.3360478589353295e-05
      }
    }
  }
}