{
  "mpl": {
    "adamw": [
      2.6514472944889547,
      0.6011519697726493,
      0.45295760168304905,
      437.9457946885537,
      2.132464632228023,
      0.5978527323782399,
      0.6552377531056236
    ],
    "lbfgsb": [
      2.650000874485739,
      0.5960535436164764,
      0.45538248031692274,
      456.9316006225782,
      0.9590368859369693,
      2.0253984116358703,
      0.3510696711977334
    ]
  },
  "tissue": {
    "adamw": [
      2.7067999040565045,
      0.5299336694061189,
      0.5108664562819888,
      42.754736576972256,
      0.9178460306342521
    ],
    "lbfgsb": [
      2.679208221512879,
      0.5659062028499139,
      0.4951873427119525,
      0.7393961344472676,
      0.9984152799477178
    ]
  }
}