{
  "equal_1_1_1": {
    "raw_pattern": [
      1,
      1,
      1
    ],
    "normalized_weights": {
      "cosine_24000.csv": 1.0,
      "constant_24000.csv": 1.0,
      "wsdcon_9.csv": 1.0
    }
  },
  "cosine_constant_3_3_1": {
    "raw_pattern": [
      3,
      3,
      1
    ],
    "normalized_weights": {
      "cosine_24000.csv": 1.2857142857142856,
      "constant_24000.csv": 1.2857142857142856,
      "wsdcon_9.csv": 0.42857142857142855
    }
  },
  "cosine_wsdcon_3_1_3": {
    "raw_pattern": [
      3,
      1,
      3
    ],
    "normalized_weights": {
      "cosine_24000.csv": 1.2857142857142856,
      "constant_24000.csv": 0.42857142857142855,
      "wsdcon_9.csv": 1.2857142857142856
    }
  },
  "constant_wsdcon_1_3_3": {
    "raw_pattern": [
      1,
      3,
      3
    ],
    "normalized_weights": {
      "cosine_24000.csv": 0.42857142857142855,
      "constant_24000.csv": 1.2857142857142856,
      "wsdcon_9.csv": 1.2857142857142856
    }
  }
}