{
 "per_scale_p": {
  "25M": 0.5076898314156914,
  "100M": 1.0623602139582706,
  "400M": 0.9419979139977497
 },
 "per_scale_se": {
  "25M": 0.16804745405991717,
  "100M": 0.40448452239576066,
  "400M": 0.3098048598655736
 },
 "naive_mean_p": 0.8373493197905706,
 "naive_sd": 0.2917675522048964,
 "naive_se": 0.16845207480629515,
 "fixed_effects_p": 0.837349319790572,
 "fixed_effects_se": 0.17475379555427195,
 "single_intercept_p": 0.837349319790571,
 "note": "backs the tau-exponent headline; supersedes the unbacked 1.00+/-0.18"
}