{
 "per_scale_p": {
  "25M": 0.5076898314156915,
  "100M": 1.0623602139582682,
  "400M": 0.9419979139977477
 },
 "per_scale_se": {
  "25M": 0.16804745405991706,
  "100M": 0.4044845223957596,
  "400M": 0.309804859865575
 },
 "naive_mean_p": 0.8373493197905691,
 "naive_sd": 0.29176755220489503,
 "naive_se": 0.16845207480629434,
 "fixed_effects_p": 0.8373493197905699,
 "fixed_effects_se": 0.17475379555427176,
 "single_intercept_p": 0.8373493197905695,
 "note": "backs the current tau-exponent headline; supersedes the historical unbacked p~1 headline"
}