all_mean,all_nonharm,all_rows,all_wins,all_worst,cosine_to_wsd_mean,cosine_to_wsd_nonharm,cosine_to_wsd_rows,cosine_to_wsd_wins,cosine_to_wsd_worst,label,method,offdiag_mean,offdiag_nonharm,offdiag_rows,offdiag_wins,offdiag_worst,probe_to_wsd_mean,probe_to_wsd_nonharm,probe_to_wsd_rows,probe_to_wsd_wins,probe_to_wsd_worst,self_mean,self_nonharm,self_rows,self_wins,self_worst
58.39196635277247,78,108,78,1205.5375028242233,349.7137330196231,0,6,0,477.50981945823156,raw_step_tau1024,step_tau1024__none__none__R0p0__Tnone,77.43620953163364,60,90,60,1205.5375028242233,-24.721484092340113,18,18,18,-11.789067609283943,-36.82924954153336,18,18,18,-1.6655861714844233
1348.241061226196,93,108,81,41341.65812716311,6694.0264911715685,4,6,0,20837.446696457737,+fourier_nuisance,step_tau1024__fourier2__none__R0p0__Tnone,1585.058845167265,77,90,67,41341.65812716311,-21.836023857840168,18,18,18,-11.981616624720083,164.1521415208522,16,18,14,3233.1961324723075
-12.650620102458015,99,108,87,23.776408241606074,-8.05185988078582,6,6,2,0.0,+EB,step_tau1024__fourier2__eb_q75__R0p0__Tnone,-12.08031664143439,82,90,72,23.776408241606074,-21.784192548294776,18,18,18,-11.962301378837559,-15.502137407576129,17,18,15,4.601704354803093
-13.329951805178304,108,108,96,0.0,-8.050631925868158,6,6,2,0.0,+target_drop_linear,step_tau1024__fourier2__eb_q75__R0p0__Tdrop_linear,-12.961435369165727,90,90,80,0.0,-21.780825913058333,18,18,18,-11.95931080349264,-15.172533985241179,18,18,16,0.0
-12.398601348591315,108,108,102,0.0,-5.528028223464379,6,6,4,0.0,conservative_dct2_retention,step_tau1024__dct2__eb_q75__R0p5__Tdrop_linear,-11.831375494918795,90,90,85,0.0,-17.80237964195961,18,18,18,-11.040028668186263,-15.234730616953934,18,18,17,0.0
-10.59804101239737,108,108,108,-0.2620070011498332,-2.106851105008445,6,6,6,-1.2275047934364736,safe_old_feature_ref,S10_current__dct2__eb_q75__R1p0__Tnone,-10.387706456159247,90,90,90,-0.9877464822910298,-9.69774212374991,18,18,18,-4.627599783178593,-11.649713793587997,18,18,18,-0.2620070011498332
