mean_delta,nonharm,rows,target_curve,target_label,wins,worst_delta
-17.795125010423323,3,3,cosine_72000.csv,Cosine,3,-14.358067877085535
-54.32338769245518,3,3,wsd_20000_24000.csv,WSD sharp,3,-40.918422823186006
-46.68771742519494,3,3,wsdld_20000_24000.csv,WSD linear,3,-33.982468687418965
-53.190113117305124,3,3,wsdcon_3.csv,WSD-con 3e-5,3,-42.94210489175501
-9.824854724592035,3,3,wsdcon_9.csv,WSD-con 9e-5,3,-1.5363485015613465
-11.718410514585676,3,3,wsdcon_18.csv,WSD-con 18e-5,3,-7.030977928538551
