{
  "25": {
    "tissue_params": [
      3.0374093300892353,
      0.5211711293345858,
      0.5054981618990175,
      1.6534941861587202,
      0.9956797504650989
    ],
    "tissue_objective": 0.00020745114409579052,
    "mpl_params_from_log": [
      3.0404543615376536,
      0.5246868260172639,
      0.5078684455785708,
      363.78892666580526,
      2.0656086774409146,
      0.582790605722697,
      0.6414228857358039
    ]
  },
  "100": {
    "tissue_params": [
      2.679384846008294,
      0.5657730075525413,
      0.4955608649652442,
      0.7337335116076134,
      0.9984276804329253
    ],
    "tissue_objective": 0.00010121195265990421,
    "mpl_params_from_log": [
      2.6514472944889547,
      0.6011519697726493,
      0.45295760168304905,
      437.9457946885537,
      2.132464632228023,
      0.5978527323782399,
      0.6552377531056236
    ]
  },
  "400": {
    "tissue_params": [
      2.394134317206288,
      0.622085366589428,
      0.4592772084915513,
      0.9301690486993736,
      0.9983190151918742
    ],
    "tissue_objective": 0.00017962679089272344,
    "mpl_params_from_log": [
      2.3747391968008458,
      0.6542104812191359,
      0.42878569237962144,
      523.4249698734038,
      2.0246288978404334,
      0.5935047023064353,
      0.6347246957410744
    ]
  }
}