heldout_scale,mean_delta,nonharm,rows,wins,worst_delta
25,-17.518383142523934,30,30,30,-1.5901453359082995
100,-12.129750609986901,30,30,25,0.0
400,-14.653578597495287,30,30,25,0.0
