mean_delta,nonharm,rows,target_curve,target_label,wins,worst_delta
-35.014117827481364,3,3,cosine_72000.csv,Cosine,3,-23.654066381177863
-54.321344420505675,3,3,wsd_20000_24000.csv,WSD sharp,3,-40.8531173391397
-46.6802920887279,3,3,wsdld_20000_24000.csv,WSD linear,3,-33.93644382074867
-53.14850426136252,3,3,wsdcon_3.csv,WSD-con 3e-5,3,-47.31021639725243
-15.893947527952639,3,3,wsdcon_9.csv,WSD-con 9e-5,3,-8.75898187605455
-11.718410514585676,3,3,wsdcon_18.csv,WSD-con 18e-5,3,-7.030977928538551
