{
 "taus": {
  "12_1e-04_1337": 1877.9537972621201,
  "12_1e-04_1338": 2047.0734424325992,
  "12_4e-04_1337": 2305.602096951758,
  "12_4e-04_1338": 2990.2254536021665,
  "192_1e-04_1337": 1180.6594381975567,
  "192_1e-04_1338": 1234.9238505785127,
  "192_4e-04_1337": 1294.8563430292154,
  "192_4e-04_1338": 1392.450588194213,
  "24_1e-04_1337": 1299.4225042533676,
  "24_4e-04_1337": 1569.45673912495,
  "48_1e-04_1337": 1013.0267454525658,
  "48_4e-04_1337": 1282.6605223922538,
  "96_1e-04_1337": 1102.454916741464,
  "96_4e-04_1337": 1321.7880024305289
 },
 "gaps": {
  "12_1e-04_1337": -0.09794209679452393,
  "12_4e-04_1337": -0.0754560999753997,
  "24_1e-04_1337": -0.059206491236279524,
  "24_4e-04_1337": -0.05529603503826208,
  "48_1e-04_1337": -0.028461487700299326,
  "48_4e-04_1337": -0.03826468895848212,
  "96_1e-04_1337": 0.005719136864673846,
  "96_4e-04_1337": -0.016883000404369852,
  "192_1e-04_1337": 0.033469038293129305,
  "192_4e-04_1337": -0.00027053308923030706
 }
}