{
  "noise": {
    "etas": [
      0.003,
      0.006,
      0.012,
      0.024
    ],
    "taus": [
      134.7889089143672,
      66.55930659649238,
      33.82857633307704,
      18.572853853303748
    ],
    "exp_fit_r2": [
      0.9897275415364662,
      0.9913918442445997,
      0.9934643996024259,
      0.9804254016813508
    ],
    "signal_dominance": [
      0.05907442885268088,
      0.05907442885268088,
      0.05907442885268088,
      0.05907442885268088
    ],
    "n_clean": 4,
    "p": 0.9554701055371437,
    "c": 0.5112800521605029,
    "powerlaw_r2": 0.9986673453938435,
    "lambdas": [
      0.5,
      0.6947477471865688,
      0.965348864441625,
      1.3413478976398627,
      1.86379686015747,
      2.589737339615605,
      3.59842836500576,
      5.0
    ],
    "sigma": 1.0
  },
  "signal": {
    "variants": [
      {
        "etas": [
          0.00025,
          0.0005,
          0.001,
          0.002,
          0.004
        ],
        "taus": [
          54.580616612288146,
          28.8570616365324,
          16.3820681117524,
          10.179419519793628,
          6.849686455892205
        ],
        "exp_fit_r2": [
          0.9937150327798143,
          0.9845850523500366,
          0.9659941522785871,
          0.9383624534492734,
          0.8819278207446131
        ],
        "signal_dominance": [
          0.01394875596131186,
          0.02773970780512315,
          0.054866792553354735,
          0.10707303021658636,
          0.20565328368311603
        ],
        "n_clean": 5,
        "p": 0.7491826786654162,
        "c": 0.10080047055119752,
        "powerlaw_r2": 0.9913809534254345,
        "name": "v1_lam1.0_s0.027",
        "lambdas": [
          0.7,
          0.7728626595716687,
          0.8533095579431328,
          0.9421301348426492,
          1.0401960023958639,
          1.1484694984106931,
          1.2680131299694692,
          1.4
        ],
        "sigma": 0.027
      },
      {
        "etas": [
          0.000125,
          0.00025,
          0.0005,
          0.001,
          0.002
        ],
        "taus": [
          100.25123524231269,
          50.72128160335638,
          26.97187910995528,
          15.483706330998055,
          9.705057570296495
        ],
        "exp_fit_r2": [
          0.9966551252235759,
          0.9930928266264756,
          0.9829790096385796,
          0.9634487648174266,
          0.9342172204003342
        ],
        "signal_dominance": [
          0.007587512501851135,
          0.01505205459002524,
          0.02993807137813374,
          0.05913195224962921,
          0.11519398131131446
        ],
        "n_clean": 5,
        "p": 0.8449319212287916,
        "c": 0.047170146294304056,
        "powerlaw_r2": 0.9946758983543088,
        "name": "v2_lam2.0_s0.05",
        "lambdas": [
          1.4,
          1.5457253191433373,
          1.7066191158862656,
          1.8842602696852984,
          2.0803920047917277,
          2.2969389968213862,
          2.5360262599389385,
          2.8
        ],
        "sigma": 0.05
      },
      {
        "etas": [
          0.0005,
          0.001,
          0.002,
          0.004,
          0.008
        ],
        "taus": [
          29.795552185366333,
          16.83464090342065,
          10.430875539615105,
          6.983672744940833,
          4.886476227081818
        ],
        "exp_fit_r2": [
          0.9852982212986959,
          0.9671656531190483,
          0.9401985046062954,
          0.8862116674041863,
          0.7547859072182189
        ],
        "signal_dominance": [
          0.026756977046118215,
          0.05295584317182379,
          0.10342083516734146,
          0.1986812897247664,
          0.37775990976763524
        ],
        "n_clean": 4,
        "p": 0.6969690059162769,
        "c": 0.1427865352301131,
        "powerlaw_r2": 0.993857196580921,
        "name": "v3_lam0.5_s0.014",
        "lambdas": [
          0.35,
          0.3864313297858343,
          0.4266547789715664,
          0.4710650674213246,
          0.5200980011979319,
          0.5742347492053466,
          0.6340065649847346,
          0.7
        ],
        "sigma": 0.014
      }
    ],
    "p_median": 0.7491826786654162,
    "p_min": 0.6969690059162769,
    "p_max": 0.8449319212287916
  },
  "large_displacement_signdescent": {
    "etas": [
      0.001,
      0.002,
      0.004,
      0.008,
      0.016
    ],
    "tchar": [
      440,
      219,
      108,
      53,
      26
    ],
    "p": 1.0208706595805126,
    "c": 0.38311341076316374,
    "powerlaw_r2": 0.9999820469750995,
    "lambdas": [
      0.5,
      0.6947477471865688,
      0.965348864441625,
      1.3413478976398627,
      1.86379686015747,
      2.589737339615605,
      3.59842836500576,
      5.0
    ],
    "sigma": 0.001
  },
  "verdict": {
    "p_noise": 0.9554701055371437,
    "p_signal": 0.7491826786654162,
    "predict_p_noise": 1.0,
    "predict_p_signal": 0.6666666666666666,
    "cond_noise_near1": true,
    "cond_signal_below_noise": true,
    "cond_signal_near_2_3": true,
    "matches_paper": true
  }
}