{
  "spectrum": {
    "lambdas": [
      0.3,
      0.36985402183261984,
      0.45597332488588005,
      0.5621452268581151,
      0.6930389100249479,
      0.8544107605307405,
      1.053357520264539,
      1.2986283843249173,
      1.6010097693618928,
      1.973799673972704,
      2.4333924923690615,
      3.0
    ],
    "sigmas": [
      1.0,
      1.0,
      1.0,
      1.0,
      1.0,
      1.0,
      1.0,
      1.0,
      1.0,
      1.0,
      1.0,
      1.0
    ]
  },
  "params": {
    "T": 4000,
    "eta_pk": 0.02,
    "eta_end": 0.002,
    "n_warm": 200,
    "n_rep": 4000,
    "seed": 0,
    "t_fit": 300
  },
  "lambda_slow_pred": 2.43260168073757,
  "dLeq_deta": 3.074998077619295,
  "schedules": {
    "cosine": {
      "maxabs_r_full": 0.0174258500803896,
      "maxabs_r_decay": 0.002684653845551735,
      "r_last": 0.0013537065580435156,
      "L_true_first": 0.0,
      "L_true_last": 0.007361026710493341,
      "L_eq_last": 0.006007320152449825,
      "kappa_pred_dLeq_deta": 3.074998077619295,
      "t_decay": 544,
      "post_warmup_window": {
        "t_start": 300,
        "at_pred_lambda_slow": {
          "lambda_slow": 2.43260168073757,
          "kappa": 4.379636862805024,
          "R2": 0.6957911782611133,
          "c": 1.4242730409105813
        },
        "best_lambda_slow": {
          "lambda_slow": 0.243260168073757,
          "kappa": 0.51732352781716,
          "R2": 0.7190035929008368,
          "c": 0.16823539877386812
        }
      },
      "decay_active_window": {
        "t_start": 544,
        "at_pred_lambda_slow": {
          "lambda_slow": 2.43260168073757,
          "kappa": 4.399341127194809,
          "R2": 0.7398377868402282
        },
        "best_lambda_slow": {
          "lambda_slow": 0.243260168073757,
          "kappa": 0.5183390710371258,
          "R2": 0.7629512256277898,
          "c": 0.16856565693804626
        }
      }
    },
    "wsd": {
      "maxabs_r_full": 0.0174258500803896,
      "maxabs_r_decay": 0.0073755899703255474,
      "r_last": 0.0073755899703255474,
      "L_true_first": 0.0,
      "L_true_last": 0.013428011047862258,
      "L_eq_last": 0.00605242107753671,
      "kappa_pred_dLeq_deta": 3.074998077619295,
      "t_decay": 2824,
      "post_warmup_window": {
        "t_start": 300,
        "at_pred_lambda_slow": {
          "lambda_slow": 2.43260168073757,
          "kappa": 4.199933725375728,
          "R2": 0.7700846372261595,
          "c": 1.3658329596834655
        },
        "best_lambda_slow": {
          "lambda_slow": 2.0864324844739293,
          "kappa": 3.6876640688662485,
          "R2": 0.7701722147313013,
          "c": 1.1992410973216894
        }
      },
      "decay_active_window": {
        "t_start": 2824,
        "at_pred_lambda_slow": {
          "lambda_slow": 2.43260168073757,
          "kappa": 4.204168513112008,
          "R2": 0.942128870990144
        },
        "best_lambda_slow": {
          "lambda_slow": 2.2528779746086434,
          "kappa": 3.9386357364203577,
          "R2": 0.9421290790375045,
          "c": 1.2808579508022662
        }
      }
    }
  },
  "summary": {
    "wsd_R2_post_warmup_best": 0.7701722147313013,
    "wsd_R2_post_warmup_at_pred": 0.7700846372261595,
    "wsd_R2_decay_window_best": 0.9421290790375045,
    "wsd_R2_decay_window_at_pred": 0.942128870990144,
    "wsd_maxabs_r_decay": 0.0073755899703255474,
    "cosine_maxabs_r_decay": 0.002684653845551735,
    "cosine_over_wsd_ratio": 0.3639917425389685,
    "wsd_c": 1.1992410973216894,
    "matches_paper": true
  }
}