{
  "experiment": "E5_twoexp",
  "spectrum": {
    "d": 16,
    "lambdas": [
      0.1,
      0.1,
      0.1,
      0.1,
      0.1,
      0.1,
      0.1,
      0.1,
      10.0,
      10.0,
      10.0,
      10.0,
      10.0,
      10.0,
      10.0,
      10.0
    ],
    "sigmas": [
      1.0,
      1.0,
      1.0,
      1.0,
      1.0,
      1.0,
      1.0,
      1.0,
      1.0,
      1.0,
      1.0,
      1.0,
      1.0,
      1.0,
      1.0,
      1.0
    ],
    "rate_spread": 100.0
  },
  "schedule": {
    "kind": "wsd",
    "total": 9000,
    "decay_start": 3000,
    "peak": 0.005,
    "end": 0.0001,
    "n_warm": 400,
    "eta_peak": 0.005
  },
  "fit_window": {
    "t0": 3000,
    "t1": 9000
  },
  "residual_stats": {
    "min": -0.0009788589284667644,
    "max": 0.011514661941042668,
    "mean": 0.008555067842099267
  },
  "fit_1exp": {
    "lambda_slow": 0.43041433525363687,
    "amp": 2.213823084136605,
    "floor": -7.660148466645696e-05,
    "r2": 0.9057137992894477
  },
  "fit_2exp": {
    "lam1": 0.18610930480228804,
    "lam2": 20.095556751722434,
    "w1": 0.4783003834866794,
    "amp": 4.2491915910155225,
    "floor": -0.0005999194413398627,
    "r2": 0.9995710157534521
  },
  "R2_1": 0.9057137992894477,
  "R2_2": 0.9995710157534521,
  "delta": 0.09385721646400436,
  "matches_paper": true,
  "paper_value": "2-exp improves R2 by 0.06-0.07"
}