{
  "configs": {
    "cfgA": {
      "name": "cfgA",
      "note": "base: d=8, sigma=1",
      "d": 8,
      "mean_ratio": 2.069175884255861,
      "pred_2mean": 4.138351768511722,
      "pred_2hmean": 2.41642097128836,
      "Leq_peak": 0.04028576150286042,
      "Leq_b": 0.008172030256803521,
      "resid_drop_jump": 0.03240425138684796,
      "resid_end": -0.00013441750970810337,
      "lambda_slow": 2.557729135001686,
      "kernel_c": 1.96872235010836,
      "kernel_r2": 0.988516528394593,
      "tau_steps": 99.22013039652937,
      "tau_r2": 0.9883301934183469,
      "lambda_slow_from_tau": 2.5196499843417337
    },
    "cfgB": {
      "name": "cfgB",
      "note": "amplitude 2x (lam,sig both x2), ratio kept",
      "d": 8,
      "mean_ratio": 2.069175884255861,
      "pred_2mean": 4.138351768511722,
      "pred_2hmean": 2.41642097128836,
      "Leq_peak": 0.08057152300572326,
      "Leq_b": 0.01634406051331267,
      "resid_drop_jump": 0.06480850277399028,
      "resid_end": -0.0002688350191218346,
      "lambda_slow": 2.557729135001686,
      "kernel_c": 3.937444700223103,
      "kernel_r2": 0.9885165283938793,
      "tau_steps": 99.22013033946195,
      "tau_r2": 0.9883301934177089,
      "lambda_slow_from_tau": 2.519649985790935
    },
    "cfgC": {
      "name": "cfgC",
      "note": "more modes d=16, same ratio range",
      "d": 16,
      "mean_ratio": 2.007651222558179,
      "pred_2mean": 4.015302445116358,
      "pred_2hmean": 2.490472420617424,
      "Leq_peak": 0.08051062305681132,
      "Leq_b": 0.016383903390311788,
      "resid_drop_jump": 0.06373497860957125,
      "resid_end": -0.00025447351582561645,
      "lambda_slow": 2.557729135001686,
      "kernel_c": 3.8986632383087394,
      "kernel_r2": 0.9922654031249739,
      "tau_steps": 96.56961055611434,
      "tau_r2": 0.992141436074442,
      "lambda_slow_from_tau": 2.588806132284554
    },
    "cfgD": {
      "name": "cfgD",
      "note": "curvature & noise 0.5x, ratio kept",
      "d": 8,
      "mean_ratio": 2.069175884255861,
      "pred_2mean": 4.138351768511722,
      "pred_2hmean": 2.41642097128836,
      "Leq_peak": 0.020142880751305967,
      "Leq_b": 0.0040860151283811435,
      "resid_drop_jump": 0.01620212569359534,
      "resid_end": -6.72087548334345e-05,
      "lambda_slow": 2.557729135001686,
      "kernel_c": 0.9843611750575906,
      "kernel_r2": 0.988516528394479,
      "tau_steps": 99.22013034653459,
      "tau_r2": 0.9883301934182012,
      "lambda_slow_from_tau": 2.5196499856113284
    }
  },
  "lambda_slow_per_config": {
    "cfgA": 2.557729135001686,
    "cfgB": 2.557729135001686,
    "cfgC": 2.557729135001686,
    "cfgD": 2.557729135001686
  },
  "lambda_slow_mean": 2.557729135001686,
  "lambda_slow_std": 0.0,
  "CV_lambda_slow": 0.0,
  "CV_lambda_slow_from_tau": 0.0118037878801921,
  "pred_2mean_mean": 4.107589437662881,
  "pred_2hmean_mean": 2.434933833620626,
  "lambda_slow_over_2mean": 0.6226837355139787,
  "lambda_slow_over_2hmean": 1.0504306522360278,
  "matches_paper": true,
  "criterion": "CV(lambda_slow) < 0.3 across configs with preserved lambda/sigma distribution",
  "knobs": {
    "PEAK": 0.02,
    "LR_B": 0.004,
    "TOTAL": 4000,
    "STEP": 1000,
    "N_REP": 4000,
    "N_EQ": 3000
  }
}