{
  "floors": [
    [
      5e-05,
      1.0467875838279723
    ],
    [
      0.0001,
      1.0543868687342515
    ],
    [
      0.0002,
      1.0677853626516596
    ],
    [
      0.0004,
      1.0862999541934584
    ],
    [
      0.0008,
      1.1080828679289807
    ],
    [
      0.0015,
      1.1579907301934895
    ]
  ],
  "monotone": true,
  "p": 0.7312923844157806,
  "p_ci": [
    0.6150357702086999,
    0.8545498500726552
  ]
}