{
  "spectrum": {
    "lambdas": [
      0.3,
      0.3874648995044651,
      0.5004301611600176,
      0.646330407009565,
      0.8347678206621372,
      1.0781440991413882,
      1.3924766500838333,
      1.7984527509568224,
      2.3227910480433804,
      3.0
    ],
    "sigmas": [
      1.0,
      1.0,
      1.0,
      1.0,
      1.0,
      1.0,
      1.0,
      1.0,
      1.0,
      1.0
    ]
  },
  "params": {
    "T": 4000,
    "eta_pk": 0.02,
    "eta_end": 0.002,
    "n_warm": 200,
    "n_rep": 4000,
    "seed": 0,
    "t_fit": 300,
    "edge_eta_eff_lam_max": 0.06
  },
  "theory": {
    "lambda_slow_pred": 2.452171567312322,
    "dLeq_deta": 2.56303151018912
  },
  "calibration": {
    "schedule": "wsd",
    "decay_start": 2800,
    "lambda_slow_cal": 3.087101100168614,
    "lambda_slow_ratio_to_pred": 1.2589254117941675,
    "kappa_cal": 4.43264020911756,
    "c_implied": 1.7294520927643555,
    "R2_in_sample": 0.8170158591902151,
    "kappa_at_pred_lambda_slow": 3.637915825857431,
    "R2_at_pred_lambda_slow": 0.8168158851322435,
    "r_last": 0.006326990737019889,
    "maxabs_r": 0.006326990737019889
  },
  "novel_shapes": {
    "triangular": {
      "frozen": {
        "R2": 0.8075489997004043,
        "rel_MAE": 0.26223451288672894,
        "pearson_r_K": 0.9290360751385827,
        "lambda_slow": 3.087101100168614,
        "kappa": 4.43264020911756
      },
      "refit_kappa_only": {
        "R2": 0.808087300591855,
        "kappa": 4.358752661797507
      },
      "refit_lam_kappa": {
        "R2": 0.8118412312186287,
        "lambda_slow": 6.159576487665404,
        "kappa": 8.293872953571386
      },
      "maxabs_r_decay": 0.0027065069610073536,
      "r_last": 0.0027065069610073536
    },
    "staircase": {
      "frozen": {
        "R2": 0.707357544751257,
        "rel_MAE": 0.5476272046607196,
        "pearson_r_K": 0.9353999551072988,
        "lambda_slow": 3.087101100168614,
        "kappa": 4.43264020911756
      },
      "refit_kappa_only": {
        "R2": 0.866915574056333,
        "kappa": 3.1831501227112464
      },
      "refit_lam_kappa": {
        "R2": 0.9748122839895026,
        "lambda_slow": 1.5472156603212164,
        "kappa": 2.3777409527384874
      },
      "maxabs_r_decay": 0.027099040796020886,
      "r_last": 0.00134503795512661
    },
    "expdecay": {
      "frozen": {
        "R2": -0.23148141209523598,
        "rel_MAE": 0.19254064811854138,
        "pearson_r_K": -0.41574840356911785,
        "lambda_slow": 3.087101100168614,
        "kappa": 4.43264020911756
      },
      "refit_kappa_only": {
        "R2": -0.026138951288915635,
        "kappa": 4.964384476719523
      },
      "refit_lam_kappa": {
        "R2": 0.39208538651916647,
        "lambda_slow": 0.2452171567312322,
        "kappa": 0.41917683777460246
      },
      "maxabs_r_decay": 0.0016023259599189169,
      "r_last": 0.0010514281033176549
    },
    "cosine": {
      "frozen": {
        "R2": 0.7664677973722771,
        "rel_MAE": 0.32175848169146765,
        "pearson_r_K": 0.9411062961749993,
        "lambda_slow": 3.087101100168614,
        "kappa": 4.43264020911756
      },
      "refit_kappa_only": {
        "R2": 0.7782443981130872,
        "kappa": 4.82077300465703
      },
      "refit_lam_kappa": {
        "R2": 0.8064151622214513,
        "lambda_slow": 0.2452171567312322,
        "kappa": 0.45089345527277336
      },
      "maxabs_r_decay": 0.001960044477879246,
      "r_last": 0.0011925267061671883
    },
    "reverse_wsd": {
      "frozen": {
        "R2": 0.5293197746325409,
        "rel_MAE": 0.6206663366303864,
        "pearson_r_K": 0.8955638435940095,
        "lambda_slow": 3.087101100168614,
        "kappa": 4.43264020911756
      },
      "refit_kappa_only": {
        "R2": 0.5326272448185536,
        "kappa": 4.109049654913075
      },
      "refit_lam_kappa": {
        "R2": 0.5623098185128723,
        "lambda_slow": 6.911158489845055,
        "kappa": 8.997149992827547
      },
      "maxabs_r_decay": 0.006029017420772342,
      "r_last": -0.0022260656971490253
    }
  },
  "summary": {
    "n_novel_shapes": 5,
    "frozen_R2_per_shape": {
      "triangular": 0.8075489997004043,
      "staircase": 0.707357544751257,
      "expdecay": -0.23148141209523598,
      "cosine": 0.7664677973722771,
      "reverse_wsd": 0.5293197746325409
    },
    "frozen_relMAE_per_shape": {
      "triangular": 0.26223451288672894,
      "staircase": 0.5476272046607196,
      "expdecay": 0.19254064811854138,
      "cosine": 0.32175848169146765,
      "reverse_wsd": 0.6206663366303864
    },
    "frozen_pearson_per_shape": {
      "triangular": 0.9290360751385827,
      "staircase": 0.9353999551072988,
      "expdecay": -0.41574840356911785,
      "cosine": 0.9411062961749993,
      "reverse_wsd": 0.8955638435940095
    },
    "mean_frozen_R2": 0.5158425408722487,
    "median_frozen_R2": 0.707357544751257,
    "mean_pearson_r_K": 0.6570715532891545,
    "median_pearson_r_K": 0.9290360751385827,
    "n_shapes_R2_gt_0.6": 3,
    "n_shapes_pearson_gt_0.6": 4,
    "calibrated_on": "wsd",
    "lambda_slow_cal": 3.087101100168614,
    "kappa_cal": 4.43264020911756,
    "success": false,
    "success_majority_R2_gt_0.6": true,
    "failing_shapes": [
      "expdecay",
      "reverse_wsd"
    ],
    "no_nans": true
  }
}