{
  "experiment": "G4_twoexp_bimodal",
  "spectrum": {
    "d": 12,
    "lambdas": [
      0.5,
      0.5,
      0.5,
      0.5,
      0.5,
      0.5,
      64.0,
      64.0,
      64.0,
      64.0,
      64.0,
      64.0
    ],
    "sigmas": [
      1.0,
      1.0,
      1.0,
      1.0,
      1.0,
      1.0,
      8.0,
      8.0,
      8.0,
      8.0,
      8.0,
      8.0
    ],
    "rate_clusters": [
      0.5,
      8.0
    ],
    "true_Stime_rates": [
      1.0,
      16.0
    ]
  },
  "schedule": {
    "kind": "wsd",
    "total": 9000,
    "decay_start": 3000,
    "decay_len": 300,
    "peak": 0.005,
    "end": 0.0003,
    "n_warm": 400,
    "eta_peak": 0.005,
    "S_tail": 1.7096999999960172
  },
  "fit_window": {
    "t0": 3000,
    "t1": 9000
  },
  "residual_stats": {
    "min": -0.0016990311725801621,
    "max": 0.01840579914298123,
    "mean": 0.003325704615715254
  },
  "fit_1exp": {
    "lambda_slow": 6.837486902246088,
    "amp": 8.287708501968954,
    "floor": 0.0019037912854662656,
    "r2": 0.934190215581914
  },
  "fit_2exp": {
    "lam1": 0.8688793114867518,
    "lam2": 16.092502923069052,
    "a1": 1.5112131476817308,
    "a2": 13.258164773129936,
    "floor": -0.0003573130290579485,
    "r2": 0.9987824604811273,
    "amp": 14.769377920811667,
    "w1": 0.10232070408004566
  },
  "R2_1": 0.934190215581914,
  "R2_2": 0.9987824604811273,
  "delta": 0.06459224489921334,
  "recovered": {
    "slow": 0.8688793114867518,
    "fast": 16.092502923069052
  },
  "true_clusters": {
    "slow": 1.0,
    "fast": 16.0
  },
  "rel_err": {
    "slow": 0.1311206885132482,
    "fast": 0.005781432691815747
  },
  "rates_match": true,
  "success": true,
  "headline": true,
  "paper_prediction": "(v) 2-exp kernel beats 1-exp when spectrum is a mixture"
}