{
  "lr (paper)": {
    "lam": 1.0,
    "kappa": 0.0027610792134732053,
    "rows": {
      "wsd": {
        "mae_mpl": 0.004490753673342127,
        "mae_corr": 0.004148227592529715,
        "delta_pct": -7.627362926755577,
        "r2_resid": 0.5027112116128489
      },
      "wsdld": {
        "mae_mpl": 0.004685264822452983,
        "mae_corr": 0.004397059432817432,
        "delta_pct": -6.151314825458687,
        "r2_resid": 0.5783104397917402
      },
      "twodrop": {
        "mae_mpl": 0.0027386727146108845,
        "mae_corr": 0.0024318983265850243,
        "delta_pct": -11.201571709872871,
        "r2_resid": -0.3554388742153236
      },
      "cyclic": {
        "mae_mpl": 0.045621746040832384,
        "mae_corr": 0.04480423074756056,
        "delta_pct": -1.7919421421094373,
        "r2_resid": 0.194058588962572
      },
      "invsqrt": {
        "mae_mpl": 0.0044067234941036135,
        "mae_corr": 0.004675218570910767,
        "delta_pct": 6.092850553623608,
        "r2_resid": -1.0319218712794322
      },
      "sharp600": {
        "mae_mpl": 0.006239254334584858,
        "mae_corr": 0.005112472456747291,
        "delta_pct": -18.05955996362728,
        "r2_resid": 0.5020576357096684
      }
    },
    "mean_delta": -7.389391774418162
  },
  "pow d=0.5": {
    "lam": 1.0,
    "kappa": 0.013249845363695585,
    "rows": {
      "wsd": {
        "mae_mpl": 0.004490753673342127,
        "mae_corr": 0.0033014792589889214,
        "delta_pct": -26.482735435099446,
        "r2_resid": 0.5250535769962053
      },
      "wsdld": {
        "mae_mpl": 0.004685264822452983,
        "mae_corr": 0.0036471358605704913,
        "delta_pct": -22.157316634643852,
        "r2_resid": 0.6127598385033933
      },
      "twodrop": {
        "mae_mpl": 0.0027386727146108845,
        "mae_corr": 0.002369146227014976,
        "delta_pct": -13.492904267986304,
        "r2_resid": -0.22813216591192242
      },
      "cyclic": {
        "mae_mpl": 0.045621746040832384,
        "mae_corr": 0.0446983404792446,
        "delta_pct": -2.024046955066816,
        "r2_resid": -0.13819517536862436
      },
      "invsqrt": {
        "mae_mpl": 0.0044067234941036135,
        "mae_corr": 0.00551163284954848,
        "delta_pct": 25.07326263885816,
        "r2_resid": -1.0319218712794322
      },
      "sharp600": {
        "mae_mpl": 0.006239254334584858,
        "mae_corr": 0.0024142869712455058,
        "delta_pct": -61.30487968950307,
        "r2_resid": 0.5605395163925045
      }
    },
    "mean_delta": -19.672914677674903
  },
  "pow d=0.75": {
    "lam": 1.0,
    "kappa": 0.02233834262339137,
    "rows": {
      "wsd": {
        "mae_mpl": 0.004490753673342127,
        "mae_corr": 0.002867634787660595,
        "delta_pct": -36.14357419149128,
        "r2_resid": 0.5272233372109678
      },
      "wsdld": {
        "mae_mpl": 0.004685264822452983,
        "mae_corr": 0.003150889963510894,
        "delta_pct": -32.748946262097576,
        "r2_resid": 0.6196346258999418
      },
      "twodrop": {
        "mae_mpl": 0.0027386727146108845,
        "mae_corr": 0.0024987552096443137,
        "delta_pct": -8.76035693080831,
        "r2_resid": -0.1873768902804651
      },
      "cyclic": {
        "mae_mpl": 0.045621746040832384,
        "mae_corr": 0.04491512825535726,
        "delta_pct": -1.5488617749147227,
        "r2_resid": -0.3250505978992122
      },
      "invsqrt": {
        "mae_mpl": 0.0044067234941036135,
        "mae_corr": 0.006174607091275242,
        "delta_pct": 40.11786987627277,
        "r2_resid": -1.0319218712794322
      },
      "sharp600": {
        "mae_mpl": 0.006239254334584858,
        "mae_corr": 0.0017980841198514544,
        "delta_pct": -71.1811055708295,
        "r2_resid": 0.5774834703940249
      }
    },
    "mean_delta": -21.743222615790778
  },
  "affine r=0.5": {
    "lam": 1.0,
    "kappa": 0.00561735328900601,
    "rows": {
      "wsd": {
        "mae_mpl": 0.004490753673342127,
        "mae_corr": 0.003939840039151438,
        "delta_pct": -12.26773219517706,
        "r2_resid": 0.5190961330149516
      },
      "wsdld": {
        "mae_mpl": 0.004685264822452983,
        "mae_corr": 0.004212178069529482,
        "delta_pct": -10.097332186141305,
        "r2_resid": 0.6037921973707019
      },
      "twodrop": {
        "mae_mpl": 0.0027386727146108845,
        "mae_corr": 0.0023454093366966585,
        "delta_pct": -14.359633986790621,
        "r2_resid": -0.2922856337871875
      },
      "cyclic": {
        "mae_mpl": 0.045621746040832384,
        "mae_corr": 0.0447414155010675,
        "delta_pct": -1.929629214491202,
        "r2_resid": 0.10619715121322837
      },
      "invsqrt": {
        "mae_mpl": 0.0044067234941036135,
        "mae_corr": 0.004870962054536567,
        "delta_pct": 10.53477852772302,
        "r2_resid": -1.0319218712794322
      },
      "sharp600": {
        "mae_mpl": 0.006239254334584858,
        "mae_corr": 0.004459974349234597,
        "delta_pct": -28.517510105134203,
        "r2_resid": 0.5424000193758669
      }
    },
    "mean_delta": -10.941485989104034
  },
  "twodrop_G1": {
    "ratio": 0.0,
    "ci": [
      0.0,
      0.1310095302172947
    ],
    "r2": -0.11786596641638059,
    "pred": {
      "delta=0": 0.7,
      "p=1.25": 0.564,
      "delta=0.5": 0.383,
      "p=2": 0.303
    }
  },
  "twodrop_G1_paired": {
    "A1": 0.03199093355456036,
    "A2": 0.037154287981523926,
    "tau1": 59.506481313405715,
    "tau2": 77.94714268274313,
    "r2_1": 0.5430904536265242,
    "r2_2": 0.7260598994868406,
    "ratio": 1.161400554884011,
    "pred": {
      "delta=0": 0.7,
      "p=1.25": 0.564,
      "delta=0.5": 0.383,
      "p=2": 0.303
    }
  }
}