{
  "m": {
    "scale": "m",
    "spec_e10": {
      "tag": "spec_e10",
      "eta2": 0.0001,
      "tau_loss": 218.4254352729224,
      "r2_loss": 0.9869340730855932,
      "S_pre0": 7157.552354580954,
      "edge_target": 380000.00000000006,
      "dropped_probes": 0,
      "ds": [
        0.0,
        10.0,
        25.0,
        50.0,
        100.0,
        200.0,
        400.0,
        800.0,
        1600.0,
        2400.0,
        3200.0,
        3999.0
      ],
      "R": [
        0.0,
        -0.007186623630978223,
        -0.0044834397202747275,
        0.0012259884322874562,
        0.038975935859143634,
        -0.004539835357337247,
        -0.0034634591522984624,
        -0.002657110460486992,
        -0.0005474952363707071,
        8.663744170224338e-05,
        0.0027976988924658915,
        0.05356449017860143
      ],
      "S_pre": [
        7157.552354580954,
        4478.074009700624,
        5485.935715403031,
        7614.652882459979,
        21689.435679574926,
        5464.909028044119,
        5866.227766918067,
        6166.868786828737,
        6953.422890578292,
        7189.8544704029555,
        8200.653257422815,
        27128.667979649723
      ],
      "rho": 0.3714285714285715,
      "tau_spectral": null
    },
    "spec_e10_b12": {
      "tag": "spec_e10_b12",
      "eta2": 0.0001,
      "tau_loss": 273.4450979958838,
      "r2_loss": 0.973056992989905,
      "S_pre0": 7157.536816988853,
      "edge_target": 380000.00000000006,
      "dropped_probes": 0,
      "ds": [
        0.0,
        10.0,
        25.0,
        50.0,
        100.0,
        200.0,
        400.0,
        800.0,
        1600.0,
        2400.0,
        3200.0,
        3999.0,
        5600.0,
        7999.0
      ],
      "R": [
        0.0,
        0.0028178788330314045,
        -0.011562089999663487,
        -0.010814123479712915,
        -0.003353061849263535,
        0.007115324512544134,
        0.2938980890724941,
        -0.01024995032961782,
        -0.0067568449176230805,
        0.12393294857322644,
        0.009488674513219887,
        0.048137384336746136,
        -0.008475942915682743,
        0.03920207308596424
      ],
      "S_pre": [
        7157.536816988853,
        8208.161702047551,
        2846.6987019706576,
        3125.5723816474538,
        5907.372977904454,
        9810.431934592267,
        116735.22427155758,
        3335.9200885906275,
        4638.298114556654,
        53365.00263256406,
        10695.317594839617,
        25105.197764288587,
        3997.3453825071056,
        21773.73430824019
      ],
      "rho": 0.6571428571428573,
      "tau_spectral": null
    },
    "spec_e10_b192": {
      "tag": "spec_e10_b192",
      "eta2": 0.0001,
      "tau_loss": 209.14583801635044,
      "r2_loss": 0.9887659730591892,
      "S_pre0": 7157.536816988853,
      "edge_target": 380000.00000000006,
      "dropped_probes": 0,
      "ds": [
        0.0,
        10.0,
        25.0,
        50.0,
        100.0,
        200.0,
        400.0,
        800.0,
        1600.0,
        2400.0,
        3200.0,
        3999.0
      ],
      "R": [
        0.0,
        -0.00027553145659078284,
        0.005661398826990433,
        0.003592949578483485,
        0.009894767026337657,
        0.010474007172614038,
        0.013901204486775521,
        0.01727049196928267,
        0.022559003443822744,
        0.02799845650930754,
        0.03304642322400429,
        0.0380416276468687
      ],
      "S_pre": [
        7157.536816988853,
        7054.806990029143,
        9268.346700705377,
        8497.140987922998,
        10846.726127710624,
        11062.691450622799,
        12340.496139048966,
        13596.709583198619,
        15568.491227937759,
        17596.55030724149,
        19478.64665121488,
        21341.07097233832
      ],
      "rho": 0.942857142857143,
      "tau_spectral": null
    },
    "spec_e40": {
      "tag": "spec_e40",
      "eta2": 0.0004,
      "tau_loss": 232.07275044200932,
      "r2_loss": 0.9851849661752936,
      "S_pre0": 7157.552354580954,
      "edge_target": 95000.00000000001,
      "dropped_probes": 0,
      "ds": [
        0.0,
        10.0,
        25.0,
        50.0,
        100.0,
        200.0,
        400.0,
        800.0,
        1600.0,
        2400.0,
        3200.0,
        3999.0
      ],
      "R": [
        0.0,
        -0.02734073738285393,
        -0.017063095240919274,
        0.008254464913532699,
        0.1325466683932873,
        -0.019343974107472635,
        -0.014835350482981345,
        -0.010669210381926164,
        0.13134919712809906,
        0.025879303557808063,
        0.29673570998381604,
        0.29222366513378456
      ],
      "S_pre": [
        7157.552354580954,
        4755.875062440456,
        5658.688304211703,
        7882.644756588898,
        18800.776133493015,
        5458.330321790947,
        5854.378856478223,
        6220.342800188643,
        18695.587326573823,
        9430.853722457616,
        33223.54342336057,
        32827.1943598479
      ],
      "rho": 0.3714285714285715,
      "tau_spectral": null
    },
    "spec_nodrop": {
      "tag": "spec_nodrop",
      "eta2": 0.0015,
      "tau_loss": 738.0960481539748,
      "r2_loss": 0.9837766342211773,
      "S_pre0": 7157.552354580954,
      "edge_target": 25333.33333333334,
      "dropped_probes": 2,
      "ds": [
        0.0,
        10.0,
        25.0,
        50.0,
        100.0,
        200.0,
        400.0,
        800.0,
        1600.0,
        2400.0
      ],
      "R": [
        0.0,
        -0.11537970081456508,
        -0.1588589394509758,
        -0.10487577482073566,
        0.6583509458635025,
        -0.1340184553931687,
        -0.041904470610616334,
        -0.16373523725379682,
        2.639682025836685,
        0.1641063015959894
      ],
      "S_pre": [
        7157.552354580954,
        5060.43618318144,
        4270.167064603131,
        5251.353241462308,
        19123.594953750446,
        4721.662262244023,
        6395.905874731825,
        4181.536543751884,
        55135.83470973794,
        10140.31254962274
      ],
      "rho": 0.261904761904762,
      "tau_spectral": 98.00787200202618,
      "tau_spectral_ci": [
        97.01180800303923,
        991.5747586691084
      ]
    },
    "sanity_ratio": 0.2825349613650376,
    "verdict": "OFF_REGIME (S_pre0/edge = 0.28)"
  }
}